pointID,Class,LCP_16,LCS_16,conf_2016,LCP_17,LCS_17,conf_2017,LCP_18,LCS_18,conf_2018,LCP_19,LCS_19,conf_2019,LCP_20,LCS_20,conf_2020,Comment
1,Barren,Short_vegetation,,High,,,,,,,,,,,,,
2,Barren,Short_vegetation,Tall_vegetation,Low,,,,,,,,,,,,,
3,Barren,Barren,,High,,,,,,,,,,,,,
4,Barren,Barren,Short_vegetation,Low,,,,,,,,,,,,,
5,Barren,Barren,,High,,,,,,,,,,,,,
6,Barren,Short_vegetation,,Low,Barren,,High,,,,,,,,,,
7,Barren,Barren,Tall_vegetation,Low,,,,,,,,,,,,,
8,Barren,Short_vegetation,,High,Barren,,High,,,,,,,,,,
9,Barren,Barren,Tall_vegetation,High,,,,,,,,,,,,,
10,Barren,Barren,,High,,,,,,,,,,,,,
11,Barren,Barren,,High,,,,,,,,,,,,,
12,Barren,Barren,Building,High,,,,,,,,,,,,,
13,Barren,Barren,Short_vegetation,Low,,,,Short_vegetation,Barren,Low,,,,,,,
14,Barren,Barren,,High,,,,,,,,,,,,,
15,Barren,Barren,,High,,,,,,,,,,,,,
16,Barren,Short_vegetation,,Low,,,,,,,,,,,,,
17,Barren,Barren,Pavement,High,,,,,,,,,,,,,
18,Barren,Barren,Tall_vegetation,Low,,,,,,,,,,Barren,,High,
19,Barren,Barren,Tall_vegetation,Low,,,,,,,,,,,,,
20,Barren,Barren,,High,,,,,,,,,,,,,
21,Barren,Barren,,High,,,,,,,,,,,,,
22,Barren,Barren,,High,,,,,,,,,,,,,
23,Barren,Short_vegetation,,High,Barren,,High,,,,,,,Short_vegetation,,High,
24,Barren,Barren,,High,,,,,,,,,,,,,
25,Barren,Short_vegetation,,High,Building,Barren,High,,,,,,,,,,
26,Barren,Short_vegetation,,Low,,,,,,,,,,,,,
27,Barren,Short_vegetation,,High,,,,,,,Barren,,Low,Barren,,High,
28,Barren,Short_vegetation,Tall_vegetation,Low,,,,,,,,,,Barren,,Low,
29,Barren,Short_vegetation,,Low,,,,,,,,,,,,,
30,Barren,Short_vegetation,,High,,,,,,,,,,,,,
31,Barren,Barren,,High,,,,,,,,,,,,,
32,Barren,Barren,,High,,,,,,,,,,,,,
33,Barren,Barren,,High,,,,,,,,,,,,,
34,Barren,Barren,,High,,,,,,,,,,,,,
35,Barren,Barren,,High,,,,,,,,,,,,,
36,Barren,Short_vegetation,,High,,,,,,,,,,,,,
37,Barren,Short_vegetation,Pavement,High,,,,,,,,,,,,,
38,Barren,Short_vegetation,,Low,Barren,,High,,,,,,,,,,
39,Barren,Barren,,High,,,,,,,,,,,,,
40,Barren,Barren,Short_vegetation,High,,,,,,,,,,,,,
41,Barren,Short_vegetation,Barren,Low,,,,,,,,,,,,,
42,Barren,Short_vegetation,,High,,,,,,,,,,,,,
43,Barren,Short_vegetation,,Low,,,,,,,,,,,,,
44,Barren,Barren,Short_vegetation,High,,,,,,,,,,,,,
45,Barren,Barren,Short_vegetation,High,,,,,,,,,,,,,
46,Barren,Short_vegetation,,High,,,,,,,,,,,,,
47,Barren,Barren,,High,,,,,,,,,,,,,
48,Barren,Barren,,High,,,,,,,,,,,,,
49,Barren,Building,,High,,,,,,,,,,,,,
50,Barren,Short_vegetation,,High,,,,,,,,,,,,,
51,Barren,Pavement,Barren,High,,,,,,,,,,,,,
52,Barren,Barren,Building,High,,,,,,,,,,,,,
53,Barren,Short_vegetation,,High,,,,,,,,,,,,,
54,Barren,Short_vegetation,,High,Barren,,Low,,,,Short_vegetation,,Low,Barren,,Low,
55,Barren,Barren,,High,,,,,,,,,,,,,
56,Barren,Short_vegetation,,High,,,,,,,,,,,,,
57,Barren,Barren,,High,,,,,,,,,,,,,
58,Barren,Short_vegetation,Barren,High,,,,,,,,,,,,,
59,Barren,Pavement,Barren,High,,,,,,,,,,,,,
60,Barren,Barren,,Low,,,,,,,,,,,,,
61,Barren,Short_vegetation,,High,,,,,,,,,,,,,
62,Barren,Barren,,High,,,,,,,,,,,,,
63,Barren,Short_vegetation,,Low,,,,,,,,,,,,,
64,Barren,Barren,,High,,,,,,,,,,,,,
65,Barren,Short_vegetation,,Low,,,,,,,,,,,,,
66,Barren,Short_vegetation,,High,,,,,,,,,,,,,
67,Barren,Barren,Short_vegetation,Low,,,,,,,,,,,,,
68,Barren,Barren,Building,High,,,,,,,,,,,,,
69,Barren,Barren,,Low,,,,,,,,,,,,,
70,Barren,Short_vegetation,,High,,,,,,,,,,,,,
71,Barren,Barren,,High,,,,,,,,,,Barren,,Low,
72,Barren,Barren,Building,High,,,,,,,,,,,,,
73,Barren,Barren,,High,,,,,,,,,,,,,
74,Barren,Building,,High,,,,,,,,,,,,,
75,Barren,Short_vegetation,,High,,,,,,,Barren,,High,,,,
76,Barren,Short_vegetation,,High,,,,,,,,,,,,,
77,Barren,Short_vegetation,,High,,,,,,,Barren,,High,,,,
78,Barren,Short_vegetation,,Low,,,,,,,Barren,,High,,,,
79,Barren,Building,,High,,,,,,,,,,,,,
80,Barren,Barren,,Low,,,,,,,,,,,,,
81,Barren,Barren,,High,,,,,,,,,,,,,
82,Barren,Barren,,Low,,,,,,,,,,,,,
83,Barren,Barren,,High,,,,,,,,,,,,,
84,Barren,Barren,Short_vegetation,High,,,,,,,,,,,,,
85,Barren,Barren,,High,,,,,,,,,,,,,
86,Barren,Barren,,High,,,,,,,,,,,,,
87,Barren,Barren,,High,,,,,,,,,,,,,
88,Barren,Barren,,High,,,,,,,,,,,,,
89,Barren,Short_vegetation,,High,,,,,,,,,,,,,
90,Barren,Barren,,High,,,,,,,,,,,,,
91,Barren,Short_vegetation,,Low,,,,,,,,,,,,,
92,Barren,Short_vegetation,,High,,,,,,,,,,,,,
93,Barren,Short_vegetation,,High,,,,,,,,,,,,,
94,Barren,Barren,,High,,,,,,,,,,,,,
95,Barren,Barren,,High,,,,,,,,,,,,,
96,Barren,Short_vegetation,,Low,,,,,,,,,,Barren,,High,
97,Barren,Short_vegetation,,Low,,,,Short_vegetation,,High,,,,,,,
98,Barren,Barren,,High,,,,,,,,,,,,,
99,Barren,Short_vegetation,,High,,,,,,,,,,,,,
100,Barren,Barren,Building,High,,,,,,,,,,,,,
101,Barren,Barren,,High,,,,,,,,,,,,,
102,Barren,Barren,,High,,,,,,,,,,,,,
103,Barren,Barren,Short_vegetation,High,,,,,,,,,,,,,
104,Barren,Barren,,High,,,,,,,,,,,,,
105,Barren,Short_vegetation,,High,,,,,,,,,,Barren,,High,
106,Barren,Short_vegetation,,Low,,,,,,,,,,,,,
107,Barren,Short_vegetation,,Low,,,,,,,,,,,,,
108,Barren,Barren,Building,High,,,,,,,,,,,,,
109,Barren,Barren,Building,High,,,,,,,,,,,,,
110,Barren,Barren,,High,,,,,,,,,,,,,
111,Barren,Short_vegetation,,Low,,,,,,,,,,,,,
112,Barren,Barren,,High,,,,,,,,,,,,,
113,Barren,Short_vegetation,,High,,,,,,,,,,,,,
114,Barren,Barren,,High,,,,,,,,,,,,,
115,Barren,Barren,,High,,,,,,,,,,,,,
116,Barren,Building,,High,,,,,,,,,,,,,
117,Barren,Tall_vegetation,,High,,,,Barren,,High,,,,,,,
118,Barren,Barren,,High,,,,,,,,,,,,,
119,Barren,Short_vegetation,,High,,,,,,,,,,,,,
120,Barren,Barren,Tall_vegetation,High,,,,,,,,,,,,,
121,Barren,Short_vegetation,,High,,,,,,,,,,,,,
122,Barren,Barren,,High,,,,,,,,,,,,,
123,Barren,Short_vegetation,,High,,,,,,,,,,,,,
124,Barren,Barren,Tall_vegetation,Low,,,,,,,,,,,,,
125,Barren,Barren,,High,,,,,,,,,,,,,
126,Barren,Short_vegetation,,High,,,,,,,,,,,,,
127,Barren,Barren,,High,,,,Building,,High,,,,,,,
128,Barren,Barren,,High,,,,,,,,,,,,,
129,Barren,Short_vegetation,,Low,,,,,,,,,,,,,
130,Barren,Barren,,High,,,,,,,,,,,,,
131,Barren,Barren,Tall_vegetation,Low,,,,,,,,,,,,,
132,Barren,Barren,,High,Barren,Building,High,,,,,,,,,,
133,Barren,Short_vegetation,,High,,,,,,,,,,,,,
134,Barren,Barren,,High,Barren,Building,High,,,,,,,,,,
135,Barren,Short_vegetation,,High,,,,,,,,,,,,,
136,Barren,Short_vegetation,Barren,High,,,,,,,,,,,,,
137,Barren,Short_vegetation,,High,,,,,,,,,,,,,
138,Barren,Barren,,High,,,,,,,Short_vegetation,,Low,,,,
139,Barren,Barren,Building,High,,,,,,,,,,,,,
140,Barren,Barren,,High,,,,,,,,,,,,,
141,Barren,Barren,,High,,,,,,,,,,,,,
142,Barren,Short_vegetation,,High,,,,,,,,,,,,,
143,Barren,Short_vegetation,,High,Short_vegetation,,Low,Barren,Building,High,,,,,,,
144,Barren,Barren,,High,,,,,,,,,,,,,
145,Barren,Barren,,High,,,,,,,,,,,,,
146,Barren,Barren,Tall_vegetation,High,,,,,,,,,,,,,
147,Barren,Barren,Building,High,,,,,,,,,,,,,
148,Barren,Short_vegetation,,High,,,,,,,,,,,,,
149,Barren,Short_vegetation,,High,,,,,,,Barren,,Low,,,,
150,Barren,Short_vegetation,,Low,,,,,,,Barren,,Low,,,,
151,Building,Building,Tall_vegetation,High,,,,,,,,,,,,,
152,Building,Pavement,,High,,,,,,,,,,,,,
153,Building,Tall_vegetation,,Low,,,,,,,,,,,,,
154,Building,Pavement,Building,High,,,,,,,,,,,,,
155,Building,Building,Pavement,High,,,,,,,,,,,,,
156,Building,Pavement,,High,,,,,,,,,,,,,
157,Building,Building,,High,,,,,,,,,,,,,
158,Building,Building,,High,,,,,,,,,,,,,
159,Building,Building,Tall_vegetation,Low,,,,,,,,,,,,,
160,Building,Short_vegetation,Barren,Low,,,,,,,,,,,,,
161,Building,Pavement,Short_vegetation,High,,,,,,,,,,,,,
162,Building,Building,Pavement,High,,,,,,,,,,,,,
163,Building,Pavement,Tall_vegetation,Low,,,,,,,,,,,,,
164,Building,Pavement,,High,,,,,,,,,,,,,
165,Building,Building,,High,,,,,,,,,,,,,
166,Building,Barren,,Low,,,,,,,,,,,,,
167,Building,Barren,,High,,,,Short_vegetation,,Low,,,,Barren,,Low,
168,Building,Building,,High,,,,,,,,,,,,,
169,Building,Building,,High,,,,,,,,,,,,,
170,Building,Barren,,High,,,,,,,,,,,,,
171,Building,Short_vegetation,,High,,,,,,,,,,,,,
172,Building,Pavement,Building,High,,,,,,,,,,,,,
173,Building,Building,Barren,Low,,,,,,,,,,,,,
174,Building,Short_vegetation,,High,,,,Building,Barren,High,,,,,,,
175,Building,Barren,,High,,,,,,,,,,,,,
176,Building,Barren,,Low,,,,,,,,,,,,,
177,Building,Barren,Short_vegetation,Low,,,,Pavement,Short_vegetation,Low,,,,,,,
178,Building,Short_vegetation,,High,,,,,,,Building,,High,,,,
179,Building,Building,Pavement,Low,,,,,,,,,,,,,
180,Building,Tall_vegetation,Short_vegetation,Low,,,,,,,,,,,,,
181,Building,Building,Pavement,High,,,,,,,,,,,,,
182,Building,Pavement,,High,,,,,,,,,,,,,
183,Building,Short_vegetation,,High,,,,,,,,,,,,,
184,Building,Building,,High,,,,,,,,,,,,,
185,Building,Building,Short_vegetation,Low,,,,Building,,High,,,,,,,
186,Building,Barren,Building,Low,,,,,,,,,,,,,
187,Building,Building,,High,,,,,,,,,,,,,
188,Building,Building,Pavement,High,,,,,,,,,,,,,
189,Building,Building,,High,,,,,,,,,,,,,
190,Building,Building,Pavement,High,,,,,,,,,,,,,
191,Building,Barren,,High,,,,,,,,,,,,,
192,Building,Pavement,,High,,,,,,,,,,,,,
193,Building,Short_vegetation,,High,,,,,,,,,,,,,
194,Building,Short_vegetation,Tall_vegetation,Low,,,,,,,,,,,,,
195,Building,Building,,High,,,,,,,,,,,,,
196,Building,Pavement,,High,,,,,,,,,,,,,
197,Building,Short_vegetation,,High,Barren,,High,,,,,,,,,,
198,Building,Building,Pavement,High,,,,,,,,,,,,,
199,Building,Short_vegetation,Building,Low,,,,Building,,High,,,,,,,
200,Building,Building,Pavement,High,,,,,,,,,,,,,
201,Building,Building,Barren,High,,,,,,,,,,,,,
202,Building,Building,Pavement,Low,,,,,,,,,,,,,
203,Building,Barren,,Low,,,,,,,,,,,,,
204,Building,Barren,,Low,,,,,,,,,,,,,
205,Building,Barren,Short_vegetation,High,,,,,,,,,,,,,
206,Building,Pavement,Short_vegetation,High,,,,,,,,,,,,,
207,Building,Building,,High,,,,,,,,,,,,,
208,Building,Short_vegetation,,High,,,,,,,,,,,,,
209,Building,Pavement,Short_vegetation,High,,,,,,,,,,,,,
210,Building,Building,,High,,,,,,,,,,,,,
211,Building,Building,,High,,,,,,,,,,,,,
212,Building,Pavement,Building,Low,,,,,,,,,,,,,
213,Building,Barren,Building,Low,,,,,,,,,,,,,
214,Building,Barren,,High,,,,,,,,,,,,,
215,Building,Barren,,High,,,,,,,,,,,,,
216,Building,Building,,High,,,,,,,,,,,,,
217,Building,Barren,,High,,,,,,,,,,,,,
218,Building,Building,Short_vegetation,High,,,,,,,,,,,,,
219,Building,Short_vegetation,Building,High,,,,,,,Building,,High,,,,
220,Building,Building,Short_vegetation,High,,,,,,,,,,,,,
221,Building,Building,,High,,,,,,,,,,,,,
222,Building,Building,,High,,,,,,,,,,,,,
223,Building,Barren,,High,,,,,,,,,,,,,
224,Building,Building,Short_vegetation,High,,,,,,,,,,,,,
225,Building,Building,,High,,,,,,,,,,,,,
226,Building,Tall_vegetation,,High,,,,,,,,,,,,,
227,Building,Short_vegetation,Building,High,,,,,,,Building,,High,,,,
228,Building,Short_vegetation,,Low,,,,,,,,,,,,,
229,Building,Building,,High,,,,,,,,,,,,,
230,Building,Building,,High,,,,,,,,,,,,,
231,Building,Pavement,,High,,,,,,,,,,,,,
232,Building,Building,,High,,,,,,,,,,,,,
233,Building,Building,Short_vegetation,High,,,,,,,,,,,,,
234,Building,Pavement,,High,,,,,,,,,,,,,
235,Building,Building,Pavement,High,,,,,,,,,,,,,
236,Building,Building,Pavement,High,,,,,,,,,,,,,
237,Building,Building,,High,,,,,,,,,,,,,
238,Building,Building,,High,,,,,,,,,,,,,
239,Building,Building,,High,,,,,,,,,,,,,
240,Building,Pavement,,Low,,,,,,,,,,,,,
241,Building,Short_vegetation,Building,High,,,,,,,,,,,,,
242,Building,Building,Short_vegetation,High,,,,,,,,,,,,,
243,Building,Building,,High,,,,,,,,,,,,,
244,Building,Short_vegetation,,High,,,,,,,,,,,,,
245,Building,Building,,High,,,,,,,,,,,,,
246,Building,Short_vegetation,Building,Low,,,,,,,,,,,,,
247,Building,Building,,High,,,,,,,,,,,,,
248,Building,Short_vegetation,,High,,,,,,,,,,,,,
249,Building,Short_vegetation,,High,,,,,,,,,,,,,
250,Building,Short_vegetation,,High,,,,,,,,,,,,,
251,Building,Building,Short_vegetation,High,,,,,,,,,,,,,
252,Building,Barren,Building,High,,,,,,,,,,,,,
253,Building,Pavement,Short_vegetation,Low,,,,,,,,,,,,,
254,Building,Short_vegetation,,Low,,,,,,,,,,,,,
255,Building,Short_vegetation,,High,Barren,,High,,,,,,,,,,
256,Building,Building,Barren,High,,,,,,,,,,,,,
257,Building,Short_vegetation,Building,High,,,,Barren,Building,Low,,,,,,,
258,Building,Building,Short_vegetation,High,,,,,,,,,,,,,
259,Building,Building,Short_vegetation,Low,,,,,,,,,,Building,Barren,Low,
260,Building,Building,,High,,,,,,,,,,,,,
261,Building,Building,Pavement,High,,,,,,,,,,,,,
262,Building,Short_vegetation,,Low,,,,,,,,,,,,,
263,Building,Short_vegetation,,Low,,,,,,,,,,,,,
264,Building,Building,,High,,,,,,,,,,,,,
265,Building,Building,,High,,,,,,,,,,,,,
266,Building,Pavement,Short_vegetation,Low,,,,,,,,,,,,,
267,Building,Building,,High,,,,,,,,,,,,,
268,Building,Barren,,High,,,,Short_vegetation,,Low,,,,,,,
269,Building,Short_vegetation,Building,High,,,,,,,,,,,,,
270,Building,Building,,High,,,,,,,,,,,,,
271,Building,Building,,High,,,,,,,,,,,,,
272,Building,Short_vegetation,,High,,,,,,,,,,,,,
273,Building,Building,Short_vegetation,High,,,,,,,,,,,,,
274,Building,Building,,High,,,,,,,,,,,,,
275,Building,Tall_vegetation,Building,Low,,,,,,,,,,,,,
276,Building,Building,,High,,,,,,,,,,,,,
277,Building,Building,Short_vegetation,Low,,,,,,,,,,,,,
278,Building,Barren,Tall_vegetation,Low,,,,,,,,,,,,,
279,Building,Building,,High,,,,,,,,,,,,,
280,Building,Building,,High,,,,,,,,,,,,,
281,Building,Building,,High,,,,,,,,,,,,,
282,Building,Barren,,Low,,,,,,,,,,,,,
283,Building,Short_vegetation,Tall_vegetation,Low,,,,,,,,,,,,,
284,Building,Building,Pavement,High,,,,,,,,,,,,,
285,Building,Barren,,High,,,,,,,,,,,,,
286,Building,Building,Barren,High,,,,,,,,,,,,,
287,Building,Short_vegetation,,Low,,,,,,,,,,,,,
288,Building,Building,Short_vegetation,Low,,,,,,,,,,,,,
289,Building,Barren,,High,Pavement,,High,,,,,,,,,,
290,Building,Short_vegetation,Pavement,High,,,,,,,,,,,,,
291,Building,Building,,High,,,,,,,,,,,,,
292,Building,Building,Pavement,High,,,,,,,,,,,,,
293,Building,Short_vegetation,Building,Low,,,,,,,,,,,,,
294,Building,Building,,High,,,,,,,,,,,,,
295,Building,Tall_vegetation,Building,Low,,,,,,,,,,,,,
296,Building,Short_vegetation,Building,Low,,,,,,,,,,,,,
297,Building,Barren,Building,High,,,,,,,,,,,,,
298,Building,Short_vegetation,Building,High,,,,,,,,,,,,,
299,Building,Building,,High,,,,,,,,,,,,,
300,Building,Building,,High,,,,,,,,,,,,,
301,Pavement,Barren,Tall_vegetation,Low,,,,,,,,,,,,,
302,Pavement,Pavement,,High,,,,,,,,,,,,,
303,Pavement,Building,,High,,,,,,,,,,,,,
304,Pavement,Pavement,Tall_vegetation,High,,,,,,,,,,,,,
305,Pavement,Short_vegetation,,High,,,,Pavement,,High,,,,,,,
306,Pavement,Short_vegetation,Building,High,,,,,,,,,,,,,
307,Pavement,Building,,High,,,,,,,,,,,,,
308,Pavement,Pavement,Barren,High,,,,,,,,,,,,,
309,Pavement,Pavement,Short_vegetation,Low,,,,,,,,,,,,,
310,Pavement,Tall_vegetation,Short_vegetation,High,,,,,,,,,,,,,
311,Pavement,Barren,Short_vegetation,High,,,,,,,,,,,,,
312,Pavement,Barren,Building,High,Building,Barren,High,,,,,,,,,,
313,Pavement,Building,,High,,,,,,,,,,,,,
314,Pavement,Short_vegetation,Pavement,Low,,,,,,,,,,,,,
315,Pavement,Short_vegetation,,High,,,,,,,Barren,,High,,,,
316,Pavement,Pavement,,High,,,,,,,,,,,,,
317,Pavement,Pavement,Short_vegetation,High,,,,,,,,,,,,,
318,Pavement,Pavement,Building,High,,,,,,,,,,Building,Pavement,Low,
319,Pavement,Short_vegetation,,High,,,,,,,,,,,,,
320,Pavement,Tall_vegetation,,High,,,,,,,,,,,,,
321,Pavement,Barren,,High,,,,,,,Pavement,Barren,High,,,,
322,Pavement,Pavement,Barren,High,,,,,,,,,,,,,
323,Pavement,Barren,,High,,,,,,,,,,,,,
324,Pavement,Pavement,,High,,,,,,,,,,,,,
325,Pavement,Tall_vegetation,,Low,,,,,,,Barren,,High,Barren,,Low,
326,Pavement,Building,,High,,,,,,,,,,,,,
327,Pavement,Short_vegetation,,High,,,,Barren,,Low,Pavement,,High,,,,
328,Pavement,Pavement,,High,,,,,,,,,,,,,
329,Pavement,Barren,,High,,,,Building,,Low,Building,,High,,,,
330,Pavement,Tall_vegetation,,Low,,,,,,,Pavement,Tall_vegetation,Low,,,,
331,Pavement,Short_vegetation,Pavement,High,,,,,,,,,,,,,
332,Pavement,Pavement,Barren,High,,,,,,,,,,,,,
333,Pavement,Pavement,Short_vegetation,High,,,,,,,,,,,,,
334,Pavement,Pavement,Tall_vegetation,High,,,,,,,,,,,,,
335,Pavement,Pavement,Short_vegetation,High,,,,,,,,,,,,,
336,Pavement,Barren,,High,,,,,,,,,,,,,
337,Pavement,Barren,,High,,,,Short_vegetation,,High,,,,,,,
338,Pavement,Building,,High,,,,,,,,,,,,,
339,Pavement,Pavement,Short_vegetation,High,,,,,,,,,,,,,
340,Pavement,Building,,High,,,,,,,,,,,,,
341,Pavement,Barren,,High,,,,,,,,,,,,,
342,Pavement,Pavement,,High,,,,,,,,,,,,,
343,Pavement,Barren,Short_vegetation,High,,,,,,,,,,,,,
344,Pavement,Pavement,,High,,,,,,,,,,,,,
345,Pavement,Building,Tall_vegetation,High,,,,,,,,,,,,,
346,Pavement,Short_vegetation,Pavement,Low,,,,,,,,,,,,,
347,Pavement,Building,,High,,,,,,,,,,,,,
348,Pavement,Pavement,Short_vegetation,High,,,,,,,,,,,,,
349,Pavement,Short_vegetation,,High,,,,,,,,,,,,,
350,Pavement,Pavement,,High,,,,,,,,,,,,,
351,Pavement,Building,,High,,,,,,,,,,,,,
352,Pavement,Short_vegetation,Barren,High,,,,,,,,,,,,,
353,Pavement,Pavement,,High,,,,,,,,,,,,,
354,Pavement,Pavement,Short_vegetation,High,,,,,,,,,,,,,
355,Pavement,Pavement,Barren,High,,,,,,,,,,,,,
356,Pavement,Short_vegetation,,Low,,,,,,,,,,,,,
357,Pavement,Short_vegetation,,High,,,,,,,,,,,,,
358,Pavement,Short_vegetation,,High,,,,,,,,,,,,,
359,Pavement,Tall_vegetation,Short_vegetation,High,,,,,,,,,,,,,
360,Pavement,Pavement,Barren,High,,,,,,,,,,,,,
361,Pavement,Pavement,Short_vegetation,High,,,,,,,,,,,,,
362,Pavement,Barren,,High,,,,,,,,,,,,,
363,Pavement,Building,,High,,,,,,,,,,,,,
364,Pavement,Short_vegetation,,Low,,,,,,,,,,,,,
365,Pavement,Barren,Building,High,,,,,,,,,,,,,
366,Pavement,Building,Short_vegetation,High,,,,,,,,,,,,,
367,Pavement,Pavement,,High,,,,,,,,,,,,,
368,Pavement,Barren,,Low,,,,,,,,,,,,,
369,Pavement,Barren,Short_vegetation,High,,,,,,,Pavement,Short_vegetation,High,,,,
370,Pavement,Pavement,,High,,,,,,,,,,,,,
371,Pavement,Barren,Short_vegetation,High,,,,,,,,,,,,,
372,Pavement,Pavement,,High,,,,,,,,,,,,,
373,Pavement,Pavement,Building,High,,,,,,,,,,,,,
374,Pavement,Short_vegetation,Barren,Low,,,,,,,,,,,,,
375,Pavement,Barren,,High,,,,,,,,,,,,,
376,Pavement,Pavement,,High,,,,,,,,,,,,,
377,Pavement,Pavement,Short_vegetation,High,,,,,,,,,,,,,
378,Pavement,Pavement,,High,,,,,,,,,,,,,
379,Pavement,Barren,,High,,,,,,,,,,,,,
380,Pavement,Pavement,Short_vegetation,High,,,,,,,,,,,,,
381,Pavement,Tall_vegetation,Barren,Low,,,,,,,,,,,,,
382,Pavement,Short_vegetation,,High,,,,,,,,,,,,,
383,Pavement,Pavement,Short_vegetation,High,,,,,,,,,,,,,
384,Pavement,Tall_vegetation,Barren,Low,,,,,,,Barren,,High,,,,
385,Pavement,Barren,,High,,,,,,,,,,,,,
386,Pavement,Short_vegetation,,High,,,,,,,,,,,,,
387,Pavement,Barren,,High,,,,,,,,,,,,,
388,Pavement,Pavement,Short_vegetation,High,,,,,,,,,,,,,
389,Pavement,Barren,,Low,Barren,,High,,,,,,,,,,
390,Pavement,Short_vegetation,,High,,,,,,,,,,,,,
391,Pavement,Short_vegetation,,High,,,,,,,,,,,,,
392,Pavement,Short_vegetation,Pavement,Low,,,,,,,,,,,,,
393,Pavement,Short_vegetation,,High,,,,,,,,,,,,,
394,Pavement,Pavement,,High,,,,,,,,,,,,,
395,Pavement,Barren,Short_vegetation,High,,,,,,,,,,,,,
396,Pavement,Pavement,,High,,,,,,,,,,,,,
397,Pavement,Barren,,Low,,,,,,,,,,,,,
398,Pavement,Pavement,Short_vegetation,High,,,,,,,,,,,,,
399,Pavement,Barren,,High,,,,,,,,,,,,,
400,Pavement,Barren,Short_vegetation,Low,,,,,,,,,,,,,
401,Pavement,Barren,,High,,,,,,,,,,,,,
402,Pavement,Barren,,High,,,,,,,,,,,,,
403,Pavement,Barren,Short_vegetation,Low,,,,,,,,,,,,,
404,Pavement,Short_vegetation,Barren,Low,,,,,,,,,,,,,
405,Pavement,Barren,Tall_vegetation,High,,,,,,,,,,Barren,,High,
406,Pavement,Short_vegetation,Barren,High,,,,,,,,,,,,,
407,Pavement,Pavement,,High,,,,,,,,,,,,,
408,Pavement,Pavement,,High,,,,,,,,,,,,,
409,Pavement,Pavement,Short_vegetation,High,,,,,,,,,,,,,
410,Pavement,Pavement,,High,,,,,,,,,,,,,
411,Pavement,Short_vegetation,,High,,,,,,,,,,,,,
412,Pavement,Pavement,,High,,,,,,,,,,,,,
413,Pavement,Barren,Short_vegetation,Low,,,,,,,,,,Pavement,Short_vegetation,High,
414,Pavement,Barren,,High,,,,,,,,,,,,,
415,Pavement,Pavement,Short_vegetation,High,,,,,,,,,,,,,
416,Pavement,Short_vegetation,,Low,Short_vegetation,,High,,,,,,,Barren,,High,
417,Pavement,Pavement,Barren,High,,,,,,,,,,,,,
418,Pavement,Pavement,,High,,,,,,,,,,,,,
419,Pavement,Building,,High,,,,,,,,,,,,,
420,Pavement,Building,,High,,,,,,,,,,,,,
421,Pavement,Short_vegetation,Building,High,,,,,,,,,,,,,
422,Pavement,Pavement,,High,,,,,,,,,,,,,
423,Pavement,Barren,,High,,,,,,,,,,,,,
424,Pavement,Barren,Short_vegetation,High,,,,,,,Pavement,Short_vegetation,High,,,,
425,Pavement,Pavement,,High,,,,,,,,,,,,,
426,Pavement,Pavement,Short_vegetation,High,,,,,,,,,,,,,
427,Pavement,Building,,High,,,,,,,,,,,,,
428,Pavement,Barren,,Low,,,,Short_vegetation,,Low,,,,Barren,,Low,
429,Pavement,Pavement,,High,,,,,,,,,,,,,
430,Pavement,Barren,,High,,,,,,,,,,,,,
431,Pavement,Building,Barren,High,,,,,,,,,,,,,
432,Pavement,Pavement,Short_vegetation,High,,,,,,,,,,,,,
433,Pavement,Pavement,Short_vegetation,High,,,,,,,,,,,,,
434,Pavement,Building,,High,,,,,,,,,,,,,
435,Pavement,Pavement,,High,,,,,,,,,,,,,
436,Pavement,Short_vegetation,,High,,,,,,,,,,,,,
437,Pavement,Pavement,,High,,,,,,,,,,,,,
438,Pavement,Barren,Building,High,,,,,,,,,,,,,
439,Pavement,Short_vegetation,,Low,,,,,,,,,,,,,
440,Pavement,Barren,Short_vegetation,Low,,,,,,,,,,,,,
441,Pavement,Short_vegetation,Barren,High,,,,,,,,,,,,,
442,Pavement,Barren,Short_vegetation,High,,,,,,,,,,,,,
443,Pavement,Pavement,,High,,,,,,,,,,,,,
444,Pavement,Building,,High,,,,,,,,,,,,,
445,Pavement,Building,Short_vegetation,High,,,,,,,,,,,,,
446,Pavement,Short_vegetation,,High,,,,,,,,,,,,,
447,Pavement,Pavement,,High,,,,,,,,,,,,,
448,Pavement,Pavement,,High,,,,,,,,,,,,,
449,Pavement,Barren,,Low,,,,,,,,,,,,,
450,Pavement,Pavement,Short_vegetation,High,,,,,,,,,,,,,
451,Short_vegetation,Barren,Tall_vegetation,Low,,,,,,,,,,,,,
452,Short_vegetation,Short_vegetation,Barren,Low,,,,,,,,,,,,,
453,Short_vegetation,Barren,Short_vegetation,Low,,,,,,,,,,,,,
454,Short_vegetation,Short_vegetation,Tall_vegetation,Low,,,,,,,,,,,,,
455,Short_vegetation,Tall_vegetation,,Low,,,,,,,,,,,,,
456,Short_vegetation,Short_vegetation,,High,,,,,,,,,,,,,
457,Short_vegetation,Short_vegetation,,Low,,,,,,,,,,,,,
458,Short_vegetation,Short_vegetation,,High,,,,,,,,,,,,,
459,Short_vegetation,Tall_vegetation,,High,,,,,,,,,,,,,
460,Short_vegetation,Short_vegetation,,High,,,,,,,,,,,,,
461,Short_vegetation,Short_vegetation,Barren,Low,,,,,,,,,,,,,
462,Short_vegetation,Short_vegetation,,High,,,,,,,,,,,,,
463,Short_vegetation,Short_vegetation,Tall_vegetation,Low,,,,,,,,,,,,,
464,Short_vegetation,Short_vegetation,,High,,,,,,,,,,,,,
465,Short_vegetation,Short_vegetation,,High,,,,,,,,,,,,,
466,Short_vegetation,Short_vegetation,Tall_vegetation,High,,,,,,,,,,,,,
467,Short_vegetation,Short_vegetation,,Low,,,,,,,,,,,,,
468,Short_vegetation,Short_vegetation,Tall_vegetation,Low,,,,,,,,,,,,,
469,Short_vegetation,Short_vegetation,,Low,Short_vegetation,,High,,,,,,,,,,
470,Short_vegetation,Short_vegetation,,High,,,,,,,,,,,,,
471,Short_vegetation,Short_vegetation,,High,,,,,,,,,,,,,
472,Short_vegetation,Tall_vegetation,,High,,,,,,,,,,,,,
473,Short_vegetation,Short_vegetation,Tall_vegetation,High,,,,,,,,,,,,,
474,Short_vegetation,Short_vegetation,,High,,,,,,,,,,,,,
475,Short_vegetation,Short_vegetation,,High,,,,,,,,,,,,,
476,Short_vegetation,Short_vegetation,,Low,,,,,,,,,,,,,
477,Short_vegetation,Short_vegetation,,High,,,,,,,,,,,,,
478,Short_vegetation,Short_vegetation,,High,,,,,,,,,,,,,
479,Short_vegetation,Barren,Short_vegetation,High,,,,,,,,,,,,,
480,Short_vegetation,Tall_vegetation,Short_vegetation,High,,,,,,,,,,,,,
481,Short_vegetation,Short_vegetation,Barren,Low,,,,,,,,,,,,,
482,Short_vegetation,Short_vegetation,,High,,,,,,,,,,,,,
483,Short_vegetation,Short_vegetation,,High,,,,,,,,,,,,,
484,Short_vegetation,Short_vegetation,,High,,,,,,,,,,,,,
485,Short_vegetation,Barren,,Low,,,,Short_vegetation,,Low,,,,,,,
486,Short_vegetation,Short_vegetation,,High,,,,,,,,,,,,,
487,Short_vegetation,Short_vegetation,,High,,,,,,,,,,,,,
488,Short_vegetation,Tall_vegetation,,High,,,,,,,,,,,,,
489,Short_vegetation,Short_vegetation,Tall_vegetation,High,,,,,,,,,,,,,
490,Short_vegetation,Short_vegetation,,High,,,,,,,,,,,,,
491,Short_vegetation,Short_vegetation,Barren,High,,,,,,,,,,,,,
492,Short_vegetation,Short_vegetation,,High,,,,,,,,,,,,,
493,Short_vegetation,Barren,Short_vegetation,Low,,,,,,,Short_vegetation,Barren,Low,,,,
494,Short_vegetation,Short_vegetation,,High,,,,,,,,,,,,,
495,Short_vegetation,Short_vegetation,,High,,,,,,,,,,,,,
496,Short_vegetation,Short_vegetation,,Low,Barren,,Low,,,,Short_vegetation,,Low,,,,
497,Short_vegetation,Short_vegetation,,High,,,,,,,,,,,,,
498,Short_vegetation,Short_vegetation,,High,,,,,,,,,,,,,
499,Short_vegetation,Short_vegetation,,High,,,,,,,,,,,,,
500,Short_vegetation,Short_vegetation,,High,,,,,,,,,,,,,
501,Short_vegetation,Tall_vegetation,,Low,,,,,,,,,,,,,
502,Short_vegetation,Short_vegetation,,High,,,,,,,,,,,,,
503,Short_vegetation,Short_vegetation,,High,,,,,,,,,,,,,
504,Short_vegetation,Short_vegetation,,High,,,,,,,,,,,,,
505,Short_vegetation,Short_vegetation,,High,,,,,,,,,,,,,
506,Short_vegetation,Short_vegetation,Barren,Low,,,,,,,,,,,,,
507,Short_vegetation,Short_vegetation,,High,,,,,,,,,,,,,
508,Short_vegetation,Short_vegetation,,High,,,,,,,,,,,,,
509,Short_vegetation,Short_vegetation,Tall_vegetation,High,,,,,,,,,,,,,
510,Short_vegetation,Short_vegetation,,High,,,,,,,,,,,,,
511,Short_vegetation,Short_vegetation,,High,,,,,,,,,,,,,
512,Short_vegetation,Short_vegetation,Building,High,,,,,,,,,,,,,
513,Short_vegetation,Short_vegetation,,High,,,,,,,,,,,,,
514,Short_vegetation,Building,Short_vegetation,High,,,,,,,,,,,,,
515,Short_vegetation,Short_vegetation,,High,,,,,,,,,,,,,
516,Short_vegetation,Short_vegetation,Building,High,,,,,,,,,,,,,
517,Short_vegetation,Short_vegetation,,High,,,,,,,,,,,,,
518,Short_vegetation,Short_vegetation,,High,,,,,,,,,,,,,
519,Short_vegetation,Short_vegetation,,High,,,,,,,,,,,,,
520,Short_vegetation,Short_vegetation,,High,,,,,,,,,,,,,
521,Short_vegetation,Pavement,Short_vegetation,High,,,,,,,,,,,,,
522,Short_vegetation,Short_vegetation,Tall_vegetation,High,,,,,,,,,,,,,
523,Short_vegetation,Building,Short_vegetation,High,,,,,,,,,,,,,
524,Short_vegetation,Short_vegetation,,High,,,,,,,,,,,,,
525,Short_vegetation,Pavement,,High,,,,,,,,,,,,,
526,Short_vegetation,Tall_vegetation,Barren,Low,,,,,,,,,,,,,
527,Short_vegetation,Short_vegetation,,High,,,,,,,,,,,,,
528,Short_vegetation,Short_vegetation,,High,,,,,,,Short_vegetation,Barren,Low,,,,
529,Short_vegetation,Short_vegetation,Pavement,High,,,,,,,,,,,,,
530,Short_vegetation,Short_vegetation,,High,,,,,,,,,,,,,
531,Short_vegetation,Short_vegetation,,High,,,,,,,,,,,,,
532,Short_vegetation,Tall_vegetation,Barren,High,,,,,,,,,,,,,
533,Short_vegetation,Short_vegetation,Tall_vegetation,High,,,,,,,,,,,,,
534,Short_vegetation,Short_vegetation,Pavement,High,,,,,,,,,,,,,
535,Short_vegetation,Short_vegetation,Tall_vegetation,High,,,,,,,,,,,,,
536,Short_vegetation,Short_vegetation,,High,,,,,,,,,,,,,
537,Short_vegetation,Short_vegetation,,High,,,,,,,,,,,,,
538,Short_vegetation,Short_vegetation,,High,,,,,,,,,,,,,
539,Short_vegetation,Short_vegetation,,High,,,,,,,,,,,,,
540,Short_vegetation,Short_vegetation,,High,,,,,,,,,,,,,
541,Short_vegetation,Short_vegetation,,High,,,,,,,,,,,,,
542,Short_vegetation,Short_vegetation,,High,,,,,,,,,,,,,
543,Short_vegetation,Short_vegetation,,High,,,,,,,,,,,,,
544,Short_vegetation,Short_vegetation,,High,,,,,,,,,,,,,
545,Short_vegetation,Short_vegetation,,Low,,,,,,,,,,,,,
546,Short_vegetation,Short_vegetation,,High,,,,,,,,,,,,,
547,Short_vegetation,Short_vegetation,Barren,High,,,,,,,,,,,,,
548,Short_vegetation,Barren,,Low,,,,Short_vegetation,,High,,,,,,,
549,Short_vegetation,Short_vegetation,,High,,,,,,,,,,,,,
550,Short_vegetation,Short_vegetation,,High,,,,,,,,,,,,,
551,Short_vegetation,Barren,Building,Low,,,,,,,Short_vegetation,Building,Low,,,,
552,Short_vegetation,Short_vegetation,,High,,,,Barren,,High,,,,Short_vegetation,,High,
553,Short_vegetation,Short_vegetation,Pavement,High,,,,,,,,,,,,,
554,Short_vegetation,Short_vegetation,,High,,,,,,,,,,,,,
555,Short_vegetation,Short_vegetation,,High,,,,,,,,,,,,,
556,Short_vegetation,Short_vegetation,,High,,,,,,,,,,,,,
557,Short_vegetation,Short_vegetation,,High,,,,,,,Short_vegetation,Building,High,,,,
558,Short_vegetation,Short_vegetation,,High,,,,,,,,,,,,,
559,Short_vegetation,Short_vegetation,,High,,,,,,,,,,,,,
560,Short_vegetation,Short_vegetation,,High,,,,,,,,,,,,,
561,Short_vegetation,Tall_vegetation,,High,,,,,,,Short_vegetation,,High,,,,
562,Short_vegetation,Short_vegetation,Barren,High,,,,,,,,,,,,,
563,Short_vegetation,Short_vegetation,,High,,,,,,,,,,,,,
564,Short_vegetation,Tall_vegetation,,High,,,,,,,,,,,,,
565,Short_vegetation,Building,Short_vegetation,High,,,,,,,,,,,,,
566,Short_vegetation,Barren,Building,Low,,,,Short_vegetation,Building,High,,,,,,,
567,Short_vegetation,Short_vegetation,,High,,,,,,,,,,,,,
568,Short_vegetation,Short_vegetation,,High,,,,,,,,,,,,,
569,Short_vegetation,Short_vegetation,,High,,,,,,,,,,,,,
570,Short_vegetation,Short_vegetation,,High,,,,,,,,,,,,,
571,Short_vegetation,Tall_vegetation,,High,,,,Short_vegetation,Tall_vegetation,Low,,,,,,,
572,Short_vegetation,Short_vegetation,,High,,,,,,,,,,,,,
573,Short_vegetation,Short_vegetation,,High,Barren,,High,Short_vegetation,,High,,,,,,,
574,Short_vegetation,Short_vegetation,,Low,,,,,,,,,,,,,
575,Short_vegetation,Short_vegetation,,High,,,,,,,,,,,,,
576,Short_vegetation,Short_vegetation,,High,,,,,,,,,,,,,
577,Short_vegetation,Short_vegetation,Tall_vegetation,Low,,,,,,,,,,,,,
578,Short_vegetation,Short_vegetation,,High,,,,,,,,,,,,,
579,Short_vegetation,Short_vegetation,,Low,,,,,,,,,,,,,
580,Short_vegetation,Short_vegetation,,High,,,,,,,,,,,,,
581,Short_vegetation,Short_vegetation,,High,,,,,,,,,,,,,
582,Short_vegetation,Pavement,,High,,,,,,,,,,,,,
583,Short_vegetation,Short_vegetation,Pavement,High,,,,,,,,,,,,,
584,Short_vegetation,Short_vegetation,Barren,High,,,,,,,,,,,,,
585,Short_vegetation,Short_vegetation,,High,,,,,,,,,,,,,
586,Short_vegetation,Short_vegetation,Tall_vegetation,Low,,,,,,,,,,,,,
587,Short_vegetation,Short_vegetation,,High,,,,,,,,,,,,,
588,Short_vegetation,Short_vegetation,,High,,,,,,,,,,,,,
589,Short_vegetation,Short_vegetation,,High,,,,,,,,,,,,,
590,Short_vegetation,Short_vegetation,,High,,,,,,,,,,,,,
591,Short_vegetation,Short_vegetation,,High,,,,,,,,,,,,,
592,Short_vegetation,Short_vegetation,,High,,,,,,,,,,,,,
593,Short_vegetation,Short_vegetation,Tall_vegetation,Low,,,,,,,,,,,,,
594,Short_vegetation,Short_vegetation,,Low,,,,,,,,,,,,,
595,Short_vegetation,Short_vegetation,,Low,Short_vegetation,,High,,,,,,,,,,
596,Short_vegetation,Short_vegetation,Tall_vegetation,High,,,,,,,,,,,,,
597,Short_vegetation,Barren,Short_vegetation,High,,,,Short_vegetation,Tall_vegetation,High,,,,,,,
598,Short_vegetation,Short_vegetation,Tall_vegetation,High,,,,,,,,,,,,,
599,Short_vegetation,Short_vegetation,,High,,,,,,,,,,,,,
600,Short_vegetation,Short_vegetation,,High,,,,,,,,,,,,,
601,Tall_vegetation,Short_vegetation,Building,Low,,,,,,,,,,,,,
602,Tall_vegetation,Short_vegetation,Pavement,Low,,,,,,,,,,,,,
603,Tall_vegetation,Tall_vegetation,,High,,,,,,,,,,,,,
604,Tall_vegetation,Tall_vegetation,,High,,,,,,,,,,,,,
605,Tall_vegetation,Tall_vegetation,,High,,,,,,,,,,,,,
606,Tall_vegetation,Tall_vegetation,Short_vegetation,Low,,,,,,,,,,Tall_vegetation,Short_vegetation,High,
607,Tall_vegetation,Pavement,Short_vegetation,High,,,,,,,,,,,,,
608,Tall_vegetation,Short_vegetation,,High,,,,,,,,,,,,,
609,Tall_vegetation,Short_vegetation,Tall_vegetation,High,,,,,,,,,,,,,
610,Tall_vegetation,Short_vegetation,Tall_vegetation,High,,,,,,,,,,,,,
611,Tall_vegetation,Building,Short_vegetation,High,,,,,,,,,,,,,
612,Tall_vegetation,Tall_vegetation,,High,,,,,,,,,,,,,
613,Tall_vegetation,Short_vegetation,Tall_vegetation,High,,,,,,,,,,,,,
614,Tall_vegetation,Building,Tall_vegetation,High,,,,,,,,,,,,,
615,Tall_vegetation,Tall_vegetation,,High,,,,,,,,,,,,,
616,Tall_vegetation,Tall_vegetation,,High,,,,,,,,,,,,,
617,Tall_vegetation,Tall_vegetation,,High,,,,,,,,,,,,,
618,Tall_vegetation,Short_vegetation,Tall_vegetation,High,,,,,,,,,,,,,
619,Tall_vegetation,Short_vegetation,Tall_vegetation,High,,,,,,,,,,,,,
620,Tall_vegetation,Tall_vegetation,,High,,,,,,,,,,,,,
621,Tall_vegetation,Short_vegetation,,High,,,,,,,,,,,,,
622,Tall_vegetation,Tall_vegetation,Short_vegetation,Low,,,,,,,,,,,,,
623,Tall_vegetation,Short_vegetation,,High,,,,,,,,,,,,,
624,Tall_vegetation,Short_vegetation,Building,High,,,,,,,,,,,,,
625,Tall_vegetation,Short_vegetation,Tall_vegetation,High,,,,,,,,,,,,,
626,Tall_vegetation,Short_vegetation,Tall_vegetation,High,,,,,,,,,,,,,
627,Tall_vegetation,Short_vegetation,Tall_vegetation,Low,,,,,,,,,,,,,
628,Tall_vegetation,Tall_vegetation,Short_vegetation,High,,,,,,,,,,,,,
629,Tall_vegetation,Tall_vegetation,,High,,,,,,,,,,,,,
630,Tall_vegetation,Short_vegetation,Building,Low,,,,,,,,,,,,,
631,Tall_vegetation,Tall_vegetation,,High,,,,,,,,,,,,,
632,Tall_vegetation,Short_vegetation,,High,,,,,,,,,,,,,
633,Tall_vegetation,Tall_vegetation,,High,,,,,,,,,,,,,
634,Tall_vegetation,Tall_vegetation,,High,,,,,,,,,,,,,
635,Tall_vegetation,Short_vegetation,Tall_vegetation,Low,,,,,,,,,,,,,
636,Tall_vegetation,Tall_vegetation,,High,,,,,,,,,,,,,
637,Tall_vegetation,Short_vegetation,,High,,,,,,,,,,,,,
638,Tall_vegetation,Tall_vegetation,Building,High,,,,,,,,,,,,,
639,Tall_vegetation,Short_vegetation,Tall_vegetation,High,,,,,,,,,,,,,
640,Tall_vegetation,Tall_vegetation,,High,,,,,,,,,,,,,
641,Tall_vegetation,Building,Tall_vegetation,High,,,,,,,,,,,,,
642,Tall_vegetation,Short_vegetation,,High,,,,,,,,,,,,,
643,Tall_vegetation,Tall_vegetation,Short_vegetation,Low,,,,,,,,,,,,,
644,Tall_vegetation,Short_vegetation,,High,,,,,,,,,,,,,
645,Tall_vegetation,Short_vegetation,Pavement,High,,,,,,,,,,,,,
646,Tall_vegetation,Tall_vegetation,,High,,,,,,,,,,,,,
647,Tall_vegetation,Short_vegetation,,High,,,,,,,,,,,,,
648,Tall_vegetation,Tall_vegetation,Short_vegetation,Low,,,,,,,,,,,,,
649,Tall_vegetation,Short_vegetation,Tall_vegetation,Low,,,,,,,,,,,,,
650,Tall_vegetation,Tall_vegetation,,High,,,,,,,,,,,,,
651,Tall_vegetation,Tall_vegetation,Short_vegetation,Low,,,,,,,,,,,,,
652,Tall_vegetation,Short_vegetation,Tall_vegetation,High,,,,,,,,,,,,,
653,Tall_vegetation,Short_vegetation,,High,,,,,,,,,,,,,
654,Tall_vegetation,Short_vegetation,Tall_vegetation,High,,,,,,,,,,,,,
655,Tall_vegetation,Building,Short_vegetation,High,,,,,,,,,,,,,
656,Tall_vegetation,Tall_vegetation,Short_vegetation,High,,,,Short_vegetation,Tall_vegetation,Low,,,,,,,
657,Tall_vegetation,Tall_vegetation,,High,,,,,,,,,,,,,
658,Tall_vegetation,Short_vegetation,,High,,,,,,,,,,,,,
659,Tall_vegetation,Tall_vegetation,,High,,,,,,,,,,,,,
660,Tall_vegetation,Tall_vegetation,,High,,,,,,,,,,,,,
661,Tall_vegetation,Short_vegetation,Tall_vegetation,High,,,,,,,,,,,,,
662,Tall_vegetation,Short_vegetation,Tall_vegetation,High,,,,,,,,,,,,,
663,Tall_vegetation,Short_vegetation,Tall_vegetation,Low,,,,,,,,,,,,,
664,Tall_vegetation,Short_vegetation,,High,,,,,,,,,,,,,
665,Tall_vegetation,Tall_vegetation,,High,,,,,,,,,,,,,
666,Tall_vegetation,Tall_vegetation,,High,,,,,,,Short_vegetation,,High,,,,
667,Tall_vegetation,Short_vegetation,,Low,,,,,,,,,,,,,
668,Tall_vegetation,Pavement,Tall_vegetation,Low,,,,,,,,,,,,,
669,Tall_vegetation,Tall_vegetation,,High,,,,,,,,,,,,,
670,Tall_vegetation,Short_vegetation,Tall_vegetation,High,,,,,,,,,,,,,
671,Tall_vegetation,Short_vegetation,,High,,,,,,,,,,,,,
672,Tall_vegetation,Tall_vegetation,Short_vegetation,High,,,,,,,,,,,,,
673,Tall_vegetation,Tall_vegetation,,High,,,,,,,,,,,,,
674,Tall_vegetation,Tall_vegetation,Short_vegetation,High,,,,,,,,,,,,,
675,Tall_vegetation,Pavement,Tall_vegetation,Low,,,,,,,,,,,,,
676,Tall_vegetation,Tall_vegetation,Short_vegetation,High,,,,,,,,,,,,,
677,Tall_vegetation,Pavement,Tall_vegetation,High,,,,,,,,,,,,,
678,Tall_vegetation,Short_vegetation,Building,High,,,,,,,,,,,,,
679,Tall_vegetation,Building,Tall_vegetation,High,,,,,,,,,,,,,
680,Tall_vegetation,Tall_vegetation,Pavement,High,,,,,,,,,,,,,
681,Tall_vegetation,Tall_vegetation,Short_vegetation,High,,,,,,,Short_vegetation,Tall_vegetation,Low,,,,
682,Tall_vegetation,Short_vegetation,Tall_vegetation,High,,,,,,,,,,,,,
683,Tall_vegetation,Short_vegetation,Tall_vegetation,High,,,,,,,,,,,,,
684,Tall_vegetation,Tall_vegetation,,High,,,,,,,,,,,,,
685,Tall_vegetation,Tall_vegetation,,High,,,,,,,,,,,,,
686,Tall_vegetation,Short_vegetation,,High,,,,,,,,,,,,,
687,Tall_vegetation,Tall_vegetation,,High,,,,,,,,,,,,,
688,Tall_vegetation,Tall_vegetation,Short_vegetation,High,,,,,,,,,,,,,
689,Tall_vegetation,Tall_vegetation,,High,,,,,,,,,,,,,
690,Tall_vegetation,Short_vegetation,Tall_vegetation,Low,,,,,,,,,,,,,
691,Tall_vegetation,Tall_vegetation,,High,,,,,,,,,,,,,
692,Tall_vegetation,Tall_vegetation,,High,,,,,,,,,,,,,
693,Tall_vegetation,Tall_vegetation,,High,,,,,,,,,,,,,
694,Tall_vegetation,Tall_vegetation,,High,,,,,,,,,,,,,
695,Tall_vegetation,Tall_vegetation,,High,,,,,,,Short_vegetation,,High,,,,
696,Tall_vegetation,Tall_vegetation,,High,,,,,,,,,,,,,
697,Tall_vegetation,Short_vegetation,Tall_vegetation,Low,,,,,,,,,,,,,
698,Tall_vegetation,Tall_vegetation,,High,,,,,,,,,,,,,
699,Tall_vegetation,Short_vegetation,,High,,,,,,,,,,,,,
700,Tall_vegetation,Short_vegetation,,High,,,,Short_vegetation,Tall_vegetation,High,,,,Tall_vegetation,Short_vegetation,Low,
701,Tall_vegetation,Short_vegetation,Tall_vegetation,High,,,,,,,,,,,,,
702,Tall_vegetation,Tall_vegetation,,High,,,,,,,,,,,,,
703,Tall_vegetation,Tall_vegetation,,High,,,,,,,,,,,,,
704,Tall_vegetation,Short_vegetation,Tall_vegetation,High,,,,,,,,,,,,,
705,Tall_vegetation,Short_vegetation,,High,,,,Short_vegetation,Tall_vegetation,High,,,,Tall_vegetation,,High,
706,Tall_vegetation,Tall_vegetation,,High,,,,,,,,,,,,,
707,Tall_vegetation,Tall_vegetation,,High,,,,,,,,,,,,,
708,Tall_vegetation,Short_vegetation,,High,,,,,,,,,,,,,
709,Tall_vegetation,Short_vegetation,Tall_vegetation,High,,,,,,,,,,,,,
710,Tall_vegetation,Building,Tall_vegetation,Low,,,,,,,,,,,,,
711,Tall_vegetation,Tall_vegetation,Pavement,High,,,,,,,,,,,,,
712,Tall_vegetation,Tall_vegetation,,High,,,,,,,,,,Tall_vegetation,,Low,
713,Tall_vegetation,Tall_vegetation,,High,,,,,,,,,,,,,
714,Tall_vegetation,Short_vegetation,Tall_vegetation,High,,,,,,,,,,,,,
715,Tall_vegetation,Short_vegetation,Tall_vegetation,High,,,,,,,,,,,,,
716,Tall_vegetation,Tall_vegetation,,High,,,,,,,,,,,,,
717,Tall_vegetation,Tall_vegetation,,High,,,,,,,,,,,,,
718,Tall_vegetation,Barren,Tall_vegetation,Low,Short_vegetation,Tall_vegetation,High,,,,,,,,,,
719,Tall_vegetation,Tall_vegetation,,High,,,,,,,,,,,,,
720,Tall_vegetation,Tall_vegetation,,High,,,,,,,,,,,,,
721,Tall_vegetation,Short_vegetation,,High,,,,,,,,,,,,,
722,Tall_vegetation,Tall_vegetation,,High,,,,,,,,,,,,,
723,Tall_vegetation,Tall_vegetation,,High,,,,,,,,,,,,,
724,Tall_vegetation,Tall_vegetation,,High,,,,,,,,,,,,,
725,Tall_vegetation,Tall_vegetation,,High,,,,,,,,,,,,,
726,Tall_vegetation,Short_vegetation,Tall_vegetation,High,,,,,,,,,,,,,
727,Tall_vegetation,Tall_vegetation,,High,,,,,,,,,,,,,
728,Tall_vegetation,Short_vegetation,,High,,,,,,,,,,,,,
729,Tall_vegetation,Short_vegetation,,High,,,,,,,,,,,,,
730,Tall_vegetation,Short_vegetation,Tall_vegetation,High,,,,,,,,,,,,,
731,Tall_vegetation,Short_vegetation,,High,,,,,,,,,,,,,
732,Tall_vegetation,Short_vegetation,,High,,,,,,,,,,,,,
733,Tall_vegetation,Tall_vegetation,,High,,,,,,,,,,,,,
734,Tall_vegetation,Short_vegetation,Tall_vegetation,Low,,,,,,,,,,,,,
735,Tall_vegetation,Tall_vegetation,,High,,,,,,,,,,,,,
736,Tall_vegetation,Short_vegetation,,High,,,,,,,,,,,,,
737,Tall_vegetation,Short_vegetation,Tall_vegetation,High,,,,,,,,,,,,,
738,Tall_vegetation,Tall_vegetation,,High,,,,,,,,,,,,,
739,Tall_vegetation,Short_vegetation,Tall_vegetation,High,,,,,,,,,,,,,
740,Tall_vegetation,Tall_vegetation,Short_vegetation,Low,,,,,,,,,,,,,
741,Tall_vegetation,Short_vegetation,Tall_vegetation,High,,,,,,,,,,Tall_vegetation,Short_vegetation,High,
742,Tall_vegetation,Tall_vegetation,,High,,,,,,,,,,,,,
743,Tall_vegetation,Tall_vegetation,Building,High,,,,,,,,,,,,,
744,Tall_vegetation,Tall_vegetation,,High,,,,,,,,,,,,,
745,Tall_vegetation,Short_vegetation,,High,,,,,,,,,,,,,
746,Tall_vegetation,Short_vegetation,Tall_vegetation,High,,,,,,,,,,,,,
747,Tall_vegetation,Short_vegetation,,High,,,,,,,Short_vegetation,Tall_vegetation,High,,,,
748,Tall_vegetation,Short_vegetation,,High,,,,,,,,,,,,,
749,Tall_vegetation,Short_vegetation,,High,,,,,,,,,,,,,
750,Tall_vegetation,Short_vegetation,,High,,,,,,,,,,,,,
751,Water,Water,,High,,,,,,,,,,,,,
752,Water,Water,,High,,,,,,,,,,,,,
753,Water,Water,,High,,,,,,,,,,,,,
754,Water,Water,,High,,,,,,,,,,,,,
755,Water,Water,,High,Wetland,,Low,,,,,,,,,,
756,Water,Wetland,,High,Water,,Low,,,,,,,,,,
757,Water,Wetland,,Low,,,,,,,,,,,,,
758,Water,Water,,High,,,,,,,,,,,,,
759,Water,Water,,High,,,,,,,,,,,,,
760,Water,Water,,High,,,,,,,,,,,,,
761,Water,Water,,High,,,,,,,,,,,,,
762,Water,Water,,High,,,,,,,,,,,,,
763,Water,Water,,High,,,,,,,,,,,,,
764,Water,Water,,High,,,,,,,,,,,,,
765,Water,Wetland,,High,Water,,High,,,,,,,,,,
766,Water,Water,,High,,,,,,,,,,,,,
767,Water,Water,,High,,,,,,,,,,,,,
768,Water,Wetland,,Low,Water,,High,,,,,,,,,,
769,Water,Water,,High,,,,,,,,,,,,,
770,Water,Water,,High,,,,,,,,,,,,,
771,Water,Water,,High,,,,,,,,,,,,,
772,Water,Wetland,,Low,Water,,High,,,,,,,,,,
773,Water,Water,,High,,,,,,,,,,,,,
774,Water,Water,,High,,,,,,,,,,,,,
775,Water,Water,,High,,,,,,,,,,,,,
776,Water,Water,,High,,,,,,,,,,,,,
777,Water,Water,,High,,,,Water,,Low,,,,Water,,High,
778,Water,Water,,High,,,,,,,,,,,,,
779,Water,Water,,High,,,,,,,,,,,,,
780,Water,Wetland,,High,,,,,,,Water,,High,,,,
781,Water,Water,,High,,,,Wetland,,High,Water,,High,,,,
782,Water,Water,,High,,,,,,,,,,,,,
783,Water,Water,,High,,,,,,,,,,,,,
784,Water,Water,,High,,,,,,,,,,,,,
785,Water,Water,,High,,,,,,,,,,,,,
786,Water,Water,,High,,,,,,,,,,,,,
787,Water,Water,,High,,,,,,,,,,,,,
788,Water,Water,,High,,,,,,,,,,,,,
789,Water,Water,,High,,,,,,,,,,,,,
790,Water,Water,,High,,,,,,,,,,,,,
791,Water,Water,,High,,,,,,,,,,,,,
792,Water,Water,,High,,,,,,,,,,,,,
793,Water,Water,,High,,,,,,,,,,,,,
794,Water,Wetland,,High,,,,,,,,,,Water,,High,
795,Water,Water,,High,,,,,,,,,,,,,
796,Water,Water,,High,,,,,,,,,,,,,
797,Water,Wetland,,High,Water,,High,,,,,,,,,,
798,Water,Water,,High,,,,,,,,,,,,,
799,Water,Building,,High,,,,,,,,,,,,,
800,Water,Water,,High,,,,,,,,,,,,,
801,Water,Water,,High,,,,,,,,,,,,,
802,Water,Water,,High,,,,,,,,,,,,,
803,Water,Water,,High,,,,,,,,,,,,,
804,Water,Water,,High,,,,,,,,,,,,,
805,Water,Water,,High,,,,,,,Water,,Low,Water,,High,
806,Water,Water,,High,,,,,,,,,,,,,
807,Water,Water,,High,,,,,,,,,,,,,
808,Water,Wetland,,High,,,,Water,,Low,Water,,High,,,,
809,Water,Water,,High,,,,,,,,,,,,,
810,Water,Water,,High,,,,,,,,,,,,,
811,Water,Water,,High,,,,,,,,,,,,,
812,Water,Water,,High,,,,,,,,,,,,,
813,Water,Water,,High,,,,,,,,,,,,,
814,Water,Water,,High,,,,Wetland,,High,,,,Water,,High,
815,Water,Water,,High,,,,,,,,,,,,,
816,Water,Water,,High,,,,,,,,,,,,,
817,Water,Water,,High,,,,,,,,,,,,,
818,Water,Water,,High,,,,,,,,,,,,,
819,Water,Water,,High,,,,,,,,,,,,,
820,Water,Water,,High,,,,,,,,,,,,,
821,Water,Short_vegetation,,High,,,,,,,,,,Water,,High,
822,Water,Water,,High,,,,,,,,,,,,,
823,Water,Water,,High,,,,,,,,,,,,,
824,Water,Water,,High,,,,,,,,,,,,,
825,Water,Water,,High,,,,,,,,,,,,,
826,Water,Water,,High,,,,,,,,,,,,,
827,Water,Water,,High,,,,,,,,,,,,,
828,Water,Water,,High,,,,,,,,,,,,,
829,Water,Water,,High,,,,Water,,Low,,,,Water,,High,
830,Water,Barren,,High,,,,,,,,,,,,,
831,Water,Water,,High,,,,,,,,,,,,,
832,Water,Wetland,,High,,,,,,,,,,,,,
833,Water,Water,,High,,,,,,,,,,,,,
834,Water,Water,,High,,,,,,,,,,,,,
835,Water,Wetland,,Low,,,,,,,,,,Water,,High,
836,Water,Barren,,High,,,,,,,,,,Water,,High,
837,Water,Barren,,High,,,,,,,,,,Water,,High,
838,Water,Water,,High,,,,,,,,,,,,,
839,Water,Water,Building,High,,,,,,,,,,,,,
840,Water,Water,,High,,,,,,,,,,,,,
841,Water,Water,,High,,,,,,,,,,,,,
842,Water,Water,,High,,,,,,,,,,,,,
843,Water,Short_vegetation,,High,,,,,,,,,,,,,
844,Water,Wetland,,High,,,,,,,,,,,,,
845,Water,Water,,High,,,,,,,,,,,,,
846,Water,Water,,High,,,,,,,,,,,,,
847,Water,Water,,High,,,,,,,,,,,,,
848,Water,Barren,,High,,,,,,,,,,,,,
849,Water,Water,,High,,,,,,,,,,,,,
850,Water,Water,Tall_vegetation,Low,,,,,,,,,,,,,
851,Water,Water,,High,,,,,,,,,,,,,
852,Water,Water,,High,,,,,,,,,,,,,
853,Water,Water,,High,,,,,,,,,,,,,
854,Water,Water,,High,,,,,,,,,,,,,
855,Water,Water,,High,,,,,,,,,,,,,
856,Water,Water,,High,,,,,,,,,,,,,
857,Water,Water,,High,,,,,,,,,,,,,
858,Water,Water,,High,,,,,,,,,,,,,
859,Water,Water,,High,,,,,,,,,,,,,
860,Water,Water,,High,,,,,,,,,,,,,
861,Water,Water,,High,,,,,,,,,,,,,
862,Water,Water,,High,,,,,,,,,,,,,
863,Water,Water,,High,,,,,,,,,,,,,
864,Water,Water,Short_vegetation,Low,,,,,,,,,,,,,
865,Water,Water,,High,,,,,,,,,,,,,
866,Water,Wetland,,Low,,,,,,,,,,,,,
867,Water,Wetland,,Low,,,,,,,,,,,,,
868,Water,Barren,,High,,,,,,,Wetland,,High,Water,,High,
869,Water,Barren,,Low,,,,,,,,,,,,,
870,Water,Barren,,High,,,,,,,,,,,,,
871,Water,Water,,High,,,,,,,,,,,,,
872,Water,Barren,,High,,,,,,,,,,,,,
873,Water,Wetland,,Low,,,,,,,,,,Water,,High,
874,Water,Water,,High,,,,,,,,,,,,,
875,Water,Wetland,,Low,,,,,,,,,,,,,
876,Water,Water,,High,,,,,,,,,,,,,
877,Water,Water,,High,,,,Wetland,,Low,Water,,High,,,,
878,Water,Water,,High,,,,,,,,,,,,,
879,Water,Wetland,,Low,,,,,,,,,,,,,
880,Water,Water,,High,,,,,,,,,,,,,
881,Water,Wetland,,Low,,,,,,,,,,,,,
882,Water,Water,,High,,,,,,,,,,,,,
883,Water,Water,,High,,,,,,,,,,,,,
884,Water,Water,,Low,,,,,,,,,,,,,
885,Water,Water,,Low,,,,,,,,,,,,,
886,Water,Wetland,,Low,Short_vegetation,,High,Wetland,,High,Water,,High,,,,
887,Water,Water,,High,,,,,,,,,,,,,
888,Water,Water,,High,,,,,,,,,,,,,
889,Water,Water,,High,,,,,,,,,,,,,
890,Water,Water,,High,,,,Wetland,,High,,,,Water,,High,
891,Water,Water,,High,,,,,,,,,,,,,
892,Water,Water,,High,,,,Wetland,,High,Wetland,,Low,Water,,High,
893,Water,Water,,High,,,,,,,,,,,,,
894,Water,Water,,High,,,,,,,,,,,,,
895,Water,Water,,High,Water,,Low,Wetland,,Low,,,,Water,,High,
896,Water,Water,,High,,,,,,,,,,,,,
897,Water,Water,,High,,,,,,,,,,,,,
898,Water,Water,,High,,,,,,,,,,,,,
899,Water,Water,,High,,,,,,,,,,,,,
900,Water,Water,,High,,,,,,,,,,,,,
901,Wetland,Short_vegetation,,High,,,,,,,Wetland,,High,,,,
902,Wetland,Building,,High,,,,,,,,,,,,,
903,Wetland,Pavement,,High,,,,,,,,,,,,,
904,Wetland,Short_vegetation,,High,,,,Barren,,High,Wetland,,Low,,,,
905,Wetland,Building,Pavement,Low,,,,,,,,,,,,,
906,Wetland,Building,,High,,,,,,,,,,,,,
907,Wetland,Building,,High,,,,,,,,,,,,,
908,Wetland,Barren,,High,,,,,,,,,,,,,
909,Wetland,Barren,,High,,,,,,,,,,,,,
910,Wetland,Barren,,High,,,,,,,,,,,,,
911,Wetland,Barren,,High,,,,,,,,,,,,,
912,Wetland,Short_vegetation,Tall_vegetation,Low,,,,,,,,,,,,,
913,Wetland,Tall_vegetation,Pavement,Low,,,,,,,,,,,,,
914,Wetland,Pavement,,High,,,,,,,,,,,,,
915,Wetland,Short_vegetation,,Low,,,,Barren,,Low,Barren,,High,,,,
916,Wetland,Barren,Tall_vegetation,Low,,,,,,,,,,,,,
917,Wetland,Tall_vegetation,Barren,High,,,,,,,,,,Barren,,High,
918,Wetland,Tall_vegetation,,High,,,,,,,,,,,,,
919,Wetland,Pavement,,High,,,,,,,,,,,,,
920,Wetland,Building,,High,,,,,,,,,,,,,
921,Wetland,Barren,,High,,,,,,,,,,Water,,High,
922,Wetland,Barren,,High,,,,,,,,,,,,,
923,Wetland,Short_vegetation,,High,,,,,,,,,,Wetland,,Low,
924,Wetland,Short_vegetation,Tall_vegetation,High,,,,,,,,,,,,,
925,Wetland,Barren,,High,,,,,,,,,,,,,
926,Wetland,Short_vegetation,,High,Wetland,,High,Short_vegetation,,High,,,,Wetland,,High,
927,Wetland,Wetland,,High,,,,,,,,,,,,,
928,Wetland,Barren,,Low,Short_vegetation,,High,,,,,,,Wetland,,High,
929,Wetland,Barren,,High,,,,Wetland,,Low,,,,Wetland,,High,
930,Wetland,Barren,,High,,,,,,,Wetland,,High,,,,
931,Wetland,Tall_vegetation,,High,,,,,,,,,,,,,
932,Wetland,Building,,High,,,,,,,,,,,,,
933,Wetland,Barren,,High,,,,,,,,,,,,,
934,Wetland,Short_vegetation,,High,,,,,,,,,,,,,
935,Wetland,Short_vegetation,Tall_vegetation,High,,,,,,,,,,,,,
936,Wetland,Tall_vegetation,,High,,,,,,,,,,,,,
937,Wetland,Water,,High,,,,,,,,,,,,,
938,Wetland,Barren,,High,,,,,,,,,,,,,
939,Wetland,Barren,,Low,,,,,,,,,,,,,
940,Wetland,Tall_vegetation,,High,,,,,,,,,,,,,
941,Wetland,Short_vegetation,,High,,,,,,,,,,,,,
942,Wetland,Building,,Low,,,,,,,,,,,,,Railroad cars all the time
943,Wetland,Short_vegetation,Barren,Low,,,,,,,,,,,,,
944,Wetland,Tall_vegetation,Pavement,High,,,,,,,,,,,,,
945,Wetland,Tall_vegetation,,High,,,,,,,,,,,,,
946,Wetland,Tall_vegetation,,High,,,,,,,,,,,,,
947,Wetland,Short_vegetation,,High,,,,,,,,,,,,,
948,Wetland,Tall_vegetation,,High,,,,,,,,,,,,,
949,Wetland,Barren,Short_vegetation,Low,,,,,,,,,,,,,
950,Wetland,Short_vegetation,,High,,,,Wetland,,Low,Barren,,Low,Wetland,,Low,
951,Wetland,Short_vegetation,Tall_vegetation,Low,,,,,,,,,,,,,
952,Wetland,Wetland,,Low,,,,,,,,,,Water,,Low,
953,Wetland,Barren,,Low,,,,,,,,,,,,,
954,Wetland,Barren,,High,,,,,,,,,,,,,
955,Wetland,Water,,Low,,,,,,,Wetland,,Low,,,,
956,Wetland,Barren,Building,Low,,,,,,,,,,,,,truck containers most of the time
957,Wetland,Barren,Short_vegetation,Low,,,,,,,,,,,,,
958,Wetland,Short_vegetation,,High,,,,,,,,,,,,,Shadows make a lot of confusion in wetland class
959,Wetland,Barren,,Low,,,,,,,,,,,,,
960,Wetland,Short_vegetation,,High,,,,,,,,,,,,,
961,Wetland,Building,Short_vegetation,High,,,,,,,,,,,,,
962,Wetland,Short_vegetation,Barren,Low,Barren,,High,,,,,,,,,,
963,Wetland,Barren,,High,,,,,,,,,,,,,
964,Wetland,Barren,,High,,,,,,,,,,,,,
965,Wetland,Barren,,High,,,,,,,,,,,,,
966,Wetland,Barren,,High,,,,,,,,,,,,,
967,Wetland,Wetland,,Low,,,,,,,,,,,,,
968,Wetland,Water,,High,,,,,,,,,,,,,
969,Wetland,Short_vegetation,Barren,Low,,,,,,,,,,,,,
970,Wetland,Tall_vegetation,,High,,,,,,,,,,,,,
971,Wetland,Building,Pavement,Low,,,,,,,,,,,,,
972,Wetland,Building,,High,,,,,,,,,,,,,
973,Wetland,Barren,,High,,,,,,,,,,,,,
974,Wetland,Barren,,High,,,,,,,,,,,,,
975,Wetland,Pavement,,High,,,,,,,,,,,,,
976,Wetland,Barren,,High,,,,,,,,,,,,,
977,Wetland,Barren,,High,Building,Barren,High,,,,,,,,,,
978,Wetland,Water,,High,,,,,,,,,,,,,
979,Wetland,Barren,,Low,Wetland,,Low,,,,Barren,,Low,,,,
980,Wetland,Tall_vegetation,,High,,,,,,,,,,,,,
981,Wetland,Barren,,High,,,,,,,,,,,,,
982,Wetland,Barren,,High,,,,,,,,,,,,,
983,Wetland,Water,,Low,Water,,Low,Wetland,,Low,Barren,,Low,,,,
984,Wetland,Short_vegetation,Barren,Low,,,,,,,,,,,,,
985,Wetland,Barren,,Low,,,,,,,,,,,,,
986,Wetland,Tall_vegetation,,High,,,,,,,,,,,,,
987,Wetland,Pavement,,High,,,,,,,,,,,,,
988,Wetland,Short_vegetation,,High,,,,,,,,,,Wetland,,High,
989,Wetland,Short_vegetation,Building,High,,,,,,,,,,,,,
990,Wetland,Wetland,,Low,,,,,,,,,,,,,
991,Wetland,Barren,,High,,,,,,,,,,,,,
992,Wetland,Tall_vegetation,,Low,,,,,,,,,,,,,
993,Wetland,Water,,High,,,,,,,,,,,,,
994,Wetland,Barren,,High,,,,,,,,,,Wetland,,Low,
995,Wetland,Barren,,High,,,,,,,,,,,,,
996,Wetland,Short_vegetation,,Low,,,,,,,,,,,,,
997,Wetland,Building,Pavement,High,,,,,,,,,,,,,
998,Wetland,Short_vegetation,,High,,,,,,,,,,Wetland,,Low,
999,Wetland,Building,,High,Building,Barren,Low,Barren,Tall_vegetation,Low,,,,,,,
1000,Wetland,Short_vegetation,,High,,,,,,,,,,,,,
1001,Wetland,Tall_vegetation,,High,,,,,,,,,,,,,
1002,Wetland,Short_vegetation,,High,,,,Barren,,Low,,,,,,,
1003,Wetland,Barren,,High,,,,Barren,Building,High,,,,,,,
1004,Wetland,Short_vegetation,,High,,,,,,,,,,,,,
1005,Wetland,Short_vegetation,Tall_vegetation,High,,,,Barren,,Low,Barren,,High,,,,
1006,Wetland,Barren,,High,,,,,,,,,,,,,
1007,Wetland,Barren,,High,,,,,,,,,,,,,
1008,Wetland,Building,Tall_vegetation,High,,,,,,,,,,,,,
1009,Wetland,Wetland,,Low,,,,,,,,,,,,,
1010,Wetland,Barren,,High,,,,Wetland,,High,Wetland,,Low,Wetland,,High,
1011,Wetland,Short_vegetation,Tall_vegetation,High,,,,,,,,,,,,,
1012,Wetland,Water,,High,,,,Wetland,,Low,,,,,,,
1013,Wetland,Building,,High,,,,,,,,,,,,,
1014,Wetland,Barren,,High,,,,,,,,,,,,,
1015,Wetland,Barren,,High,,,,,,,,,,,,,
1016,Wetland,Barren,,High,,,,,,,,,,,,,
1017,Wetland,Barren,,High,,,,,,,,,,,,,
1018,Wetland,Barren,,High,,,,,,,,,,,,,
1019,Wetland,Building,,High,,,,,,,,,,,,,
1020,Wetland,Barren,,High,,,,,,,,,,,,,
1021,Wetland,Water,,High,Wetland,,High,,,,Barren,,High,,,,
1022,Wetland,Tall_vegetation,,High,,,,,,,,,,,,,
1023,Wetland,Barren,Short_vegetation,Low,,,,,,,,,,,,,
1024,Wetland,Building,,High,,,,,,,,,,,,,
1025,Wetland,Building,,High,,,,,,,,,,,,,
1026,Wetland,Pavement,,High,,,,Pavement,Building,High,,,,,,,
1027,Wetland,Building,Tall_vegetation,Low,,,,,,,,,,,,,
1028,Wetland,Tall_vegetation,,High,,,,,,,,,,,,,
1029,Wetland,Building,,High,,,,,,,,,,,,,
1030,Wetland,Wetland,,High,,,,,,,,,,,,,
1031,Wetland,Pavement,,High,,,,,,,,,,,,,
1032,Wetland,Wetland,,Low,,,,,,,,,,,,,
1033,Wetland,Short_vegetation,,High,,,,,,,,,,Wetland,,High,
1034,Wetland,Barren,,High,,,,,,,,,,,,,
1035,Wetland,Pavement,Barren,High,,,,,,,,,,,,,
1036,Wetland,Tall_vegetation,,High,,,,,,,,,,,,,
1037,Wetland,Pavement,,High,,,,,,,,,,,,,
1038,Wetland,Pavement,Tall_vegetation,High,,,,,,,,,,,,,
1039,Wetland,Pavement,,High,,,,,,,,,,,,,
1040,Wetland,Tall_vegetation,,High,,,,,,,,,,,,,
1041,Wetland,Tall_vegetation,,High,,,,,,,,,,,,,
1042,Wetland,Barren,,High,,,,,,,,,,,,,
1043,Wetland,Tall_vegetation,,High,,,,,,,,,,,,,
1044,Wetland,Tall_vegetation,,High,,,,,,,,,,,,,
1045,Wetland,Short_vegetation,,High,Wetland,,Low,Wetland,,High,,,,,,,
1046,Wetland,Barren,Pavement,Low,,,,,,,,,,,,,
1047,Wetland,Short_vegetation,Barren,High,,,,,,,,,,,,,
1048,Wetland,Barren,,Low,,,,,,,,,,,,,
1049,Wetland,Tall_vegetation,,High,,,,,,,,,,,,,
1050,Wetland,Barren,,High,,,,,,,,,,,,,
